Profile,Algorithm,Avg Throughput (Mbps),Throughput Std Dev,Avg RTT (ms),Avg Loss Rate (%),90% Throughput (Mbps)
LTE (Low Latency),CUBIC,5.749333333333334,2.3512635381829705,81.93183333333333,4.725,9.276
LTE (Low Latency),FILLP_SHEEP,6.2585,2.577307638024019,93.87383333333332,5.0699999999999985,9.212000000000002
LTE (Low Latency),VEGAS,6.168166666666665,2.2067634799627203,86.01066666666665,5.483333333333333,9.414
LTE (High Latency),CUBIC,5.656833333333335,2.417987320813701,80.90149999999998,4.988333333333332,8.82
LTE (High Latency),FILLP_SHEEP,6.208333333333333,2.303350666699561,86.07733333333334,4.886666666666666,9.273
LTE (High Latency),VEGAS,6.144333333333333,2.2661333952289198,86.284,5.115000000000001,9.059000000000001
