Profile,Algorithm,Avg Throughput (Mbps),Throughput Std Dev,Avg RTT (ms),Avg Loss Rate (%),90% Throughput (Mbps)
LTE (Low Latency),CUBIC,6.257833333333334,2.3124871720517617,88.73483333333333,5.646666666666668,9.546
LTE (Low Latency),FILLP_SHEEP,6.155,2.2526342394958734,95.68683333333334,5.086666666666668,8.874
LTE (Low Latency),VEGAS,6.1356666666666655,2.3043292833984648,94.16266666666665,4.3549999999999995,9.474
LTE (High Latency),CUBIC,5.736,2.2879960886537622,92.58633333333331,5.28,9.020999999999999
LTE (High Latency),FILLP_SHEEP,6.274666666666664,2.454045063795945,89.43199999999999,5.371666666666666,9.585
LTE (High Latency),VEGAS,6.083833333333334,2.474779285941333,92.64166666666667,5.34,9.386999999999999
